Search Terms,Num Searches
bouncy,9769
station,7411
lunch,3914
follow,2789
wiry,2825
ceaseless,1774
agreeable,8805
adaptable,517
innate,391
coast,5603
juicy,4289
flowers,8929
strap,4112
stiff,4845
spill,7684
owe,9812
entertaining,2943
produce,5221
discover,9919
hole,4734
tomatoes,1410
tick,8518
expansion,6420
giant,8295
walk,1772
tart,8669
same,5286
righteous,4400
learned,1177
bang,9060
island,4517
tough,9976
uncle,6048
suppose,183
muddle,7206
unbecoming,4588
lick,3907
snobbish,1645
industry,2915
wobble,1772
insect,7909
plug,9115
craven,3280
hot,8511
wealth,4740
rare,4693
interest,8050
lighten,3756
itchy,9287
prick,9947
pizzas,4513
command,6670
hissing,1361
stereotyped,3005
tail,6272
cast,5778
fertile,3595
stare,2324
throat,5757
innocent,4756
pointless,4143
mountain,8630
feeling,1374
sea,6754
loutish,6950
chief,2864
vacation,9445
pump,4181
mysterious,6919
crib,4828
suggestion,3609
arm,3208